{"cameraMode":{"drawMode":0,"name":"Shaded","section":"Shading Mode"},"sceneLighting":true,"audioPlay":false,"sceneViewState":{"m_AlwaysRefresh":false,"showFog":true,"showSkybox":true,"showFlares":true,"showImageEffects":true,"showParticleSystems":true,"showVisualEffectGraphs":true,"m_FxEnabled":true},"in2DMode":false,"pivot":{"x":155.78538513183595,"y":-10.4598388671875,"z":113.44525146484375},"rotation":{"x":0.4712916612625122,"y":0.01217979472130537,"z":-0.006506592035293579,"w":0.8818608522415161},"size":949.7527465820313,"orthographic":false}